strategy,months,avg_future_return_1m,win_rate_1m,avg_future_max_return_1_3m,hit_rate_positive_max_1_3m,cumulative_return_1m_rebalanced,max_drawdown_1m_rebalanced
C_z_mom6m_plus_0.5_z_accel_2v2_4m_top3,123,0.07670724934127271,0.6422764227642277,0.3187007593447889,0.9186991869918699,1412.7378732745842,-0.40458661759586056
C_z_mom6m_plus_0.5_z_avg_accel_4m_top3,123,0.07451536345676332,0.6585365853658537,0.31394660026994536,0.9105691056910569,1402.47266143702,-0.4132309606579173
C_z_mom6m_plus_0.5_z_avg_accel_3m_top3,123,0.07101594449214946,0.6504065040650406,0.30273672187159645,0.9349593495934959,809.4632154428535,-0.4491523618305949
A_momentum_6m_top3,123,0.07023554798893362,0.6341463414634146,0.308352774377064,0.8943089430894309,754.678880073323,-0.5985883300028902
C_z_mom6m_plus_0.5_z_accel_3v3_6m_top3,123,0.0697210339713041,0.6747967479674797,0.3062454896020633,0.9105691056910569,880.6473059978715,-0.3445894827741036
C_z_mom6m_plus_0.5_z_avg_accel_5m_top3,123,0.06823321481835008,0.6585365853658537,0.3013802092875468,0.8943089430894309,740.6192686765544,-0.4877067962384979
C_z_mom6m_plus_0.5_z_avg_accel_6m_top3,123,0.06630422986688882,0.6585365853658537,0.2990119463368531,0.9024390243902439,623.6968640543756,-0.5561109641166915
B_mom6m_top10_then_avg_accel_5m_top3,123,0.05913745841112841,0.6585365853658537,0.25669876093327315,0.9186991869918699,316.95284819782125,-0.39046714750668776
B_mom6m_top10_then_avg_accel_4m_top3,123,0.05908375726961954,0.6585365853658537,0.2622424546213321,0.926829268292683,396.3088760768443,-0.4020756404314981
B_mom6m_top10_then_avg_accel_3m_top3,123,0.05897815141363054,0.6585365853658537,0.22973421432828459,0.9105691056910569,320.5956919525557,-0.3320180518236271
B_mom6m_top10_then_accel_3v3_6m_top3,123,0.05471469157898853,0.6666666666666666,0.23539612272557564,0.9186991869918699,264.97247215854327,-0.3680171329182296
B_mom6m_top10_then_avg_accel_6m_top3,123,0.0523418161914057,0.6504065040650406,0.24221387194106353,0.9186991869918699,178.9306930339062,-0.37810508790591746
B_mom6m_top10_then_accel_2v2_4m_top3,123,0.050243076042288524,0.6178861788617886,0.23849631273711994,0.9024390243902439,102.67124711847295,-0.47558366912267647
Pure_avg_accel_5m_top3,123,0.0480821435475323,0.6747967479674797,0.24095526717494262,0.8699186991869918,79.04368710443413,-0.4057398896451351
Pure_avg_accel_4m_top3,123,0.046614735508999035,0.5934959349593496,0.2374880392770432,0.8292682926829268,62.32701377981849,-0.5731966179213535
Pure_avg_accel_6m_top3,123,0.044602177798774435,0.5934959349593496,0.23150324436875144,0.8292682926829268,56.24923292850503,-0.3680816722324455
Pure_avg_accel_3m_top3,123,0.04330634450355943,0.5203252032520326,0.2175875975252429,0.8861788617886179,51.14551175944396,-0.6385819312282344
Pure_accel_3v3_6m_top3,123,0.0410696016426669,0.5772357723577236,0.22944827372430437,0.8455284552845529,37.59158273578949,-0.5732907990412311
Pure_accel_2v2_4m_top3,123,0.03997381997903973,0.6016260162601627,0.20233687006264425,0.8617886178861789,38.38646530540495,-0.44485560843180105
