strategy,family,accel_lookback_months,accel_method,accel_feature,months,avg_future_return_1m,median_future_return_1m,win_rate_1m,cumulative_return_1m_rebalanced,max_drawdown_1m_rebalanced,avg_future_max_return_1_3m,median_future_max_return_1_3m,hit_rate_positive_max_1_3m,best_month_1m,worst_month_1m
A_momentum_6m_top3,A_original_6m_momentum,,none,none,123,0.07023554762422579,0.04183854631311686,0.6341463414634146,754.6788425162273,-0.5985884938213577,0.3083527742067501,0.22757036949446707,0.8943089430894309,0.8967389168838981,-0.3257039412602412
B_mom6m_top10_then_avg_accel_3m_top3,B_6m_momentum_filter_then_acceleration,3.0,avg_accel,avg_accel_3m,123,0.05897815667957651,0.04213006672827776,0.6585365853658537,320.595904305595,-0.3320180522663879,0.22973421737753238,0.189537365929638,0.9105691056910569,0.8967389168838981,-0.3320180522663878
B_mom6m_top10_then_avg_accel_4m_top3,B_6m_momentum_filter_then_acceleration,4.0,avg_accel,avg_accel_4m,123,0.059083750644448034,0.04929009385113603,0.6585365853658537,396.3085995788242,-0.4020756530581008,0.2622424467183787,0.21818814404910536,0.926829268292683,0.5968224037028191,-0.2214003721566453
B_mom6m_top10_then_avg_accel_5m_top3,B_6m_momentum_filter_then_acceleration,5.0,avg_accel,avg_accel_5m,123,0.059137451202045166,0.0500246148980675,0.6585365853658537,316.95260635210457,-0.39046711514590327,0.2566987579076086,0.2280263545025781,0.9186991869918699,0.5852037162356082,-0.3257039412602412
B_mom6m_top10_then_avg_accel_6m_top3,B_6m_momentum_filter_then_acceleration,6.0,avg_accel,avg_accel_6m,123,0.052341816059345646,0.041051173996333214,0.6504065040650406,178.93068208651727,-0.3781049944055721,0.2422138734958506,0.16170189622387135,0.9186991869918699,0.46802697367487284,-0.3179589743032861
B_mom6m_top10_then_accel_2v2_4m_top3,B_6m_momentum_filter_then_acceleration,4.0,recent2_minus_previous2_avg_accel,accel_2v2_4m,123,0.050243079145568185,0.03414732260606094,0.6178861788617886,102.67127857988321,-0.47558370727113175,0.23849632212427432,0.16645649153539507,0.9024390243902439,0.8967389168838981,-0.4201811768031027
B_mom6m_top10_then_accel_3v3_6m_top3,B_6m_momentum_filter_then_acceleration,6.0,recent3_minus_previous3_avg_accel,accel_3v3_6m,123,0.05471469715521344,0.04439809450317955,0.6666666666666666,264.9726410490612,-0.3680172196607844,0.23539613261687642,0.17686840976106732,0.9186991869918699,0.5968224037028191,-0.2702759176311032
C_z_mom6m_plus_0.5_z_avg_accel_3m_top3,C_combined_score,3.0,avg_accel,avg_accel_3m,123,0.07101594811237401,0.03719199832270995,0.6504065040650406,809.4636018211603,-0.44915222093125673,0.30273672422236664,0.2365139452831022,0.9349593495934959,0.8967389168838981,-0.3053404633232384
C_z_mom6m_plus_0.5_z_avg_accel_4m_top3,C_combined_score,4.0,avg_accel,avg_accel_4m,123,0.07451536469310875,0.054640598781511986,0.6585365853658537,1402.472894504749,-0.41323118894324984,0.31394660061250307,0.2473714960145572,0.9105691056910569,0.7702574241884053,-0.3922725608748408
C_z_mom6m_plus_0.5_z_avg_accel_5m_top3,C_combined_score,5.0,avg_accel,avg_accel_5m,123,0.06823321995713343,0.0500246148980675,0.6585365853658537,740.6197273473999,-0.48770701828362717,0.3013802132047512,0.23368295340140008,0.8943089430894309,0.5968224037028191,-0.3257039412602412
C_z_mom6m_plus_0.5_z_avg_accel_6m_top3,C_combined_score,6.0,avg_accel,avg_accel_6m,123,0.06630423215059736,0.049495147340384515,0.6585365853658537,623.6970695587507,-0.5561110277911527,0.29901195303048006,0.21666196491843395,0.9024390243902439,0.7396519078657263,-0.3257039412602412
C_z_mom6m_plus_0.5_z_accel_2v2_4m_top3,C_combined_score,4.0,recent2_minus_previous2_avg_accel,accel_2v2_4m,123,0.07670725192934569,0.06060498572069495,0.6422764227642277,1412.7383003001962,-0.40458663902441505,0.31870076249412493,0.23206151529538768,0.9186991869918699,0.8967389168838981,-0.404586639024415
C_z_mom6m_plus_0.5_z_accel_3v3_6m_top3,C_combined_score,6.0,recent3_minus_previous3_avg_accel,accel_3v3_6m,123,0.06972104397109101,0.05476958076537819,0.6747967479674797,880.6483713894843,-0.3445895042026579,0.3062455048371946,0.2301714595745504,0.9105691056910569,0.8967389168838981,-0.3445895042026579
Pure_avg_accel_3m_top3,Pure_acceleration,3.0,avg_accel,avg_accel_3m,123,0.043306345324389164,0.013142376359403221,0.5203252032520326,51.14551313320234,-0.6385820315167641,0.21758758173901951,0.14121362896138423,0.8861788617886179,0.6074237280411542,-0.404586639024415
Pure_avg_accel_4m_top3,Pure_acceleration,4.0,avg_accel,avg_accel_4m,123,0.04661473600321503,0.026544500440571883,0.5934959349593496,62.32701486727576,-0.5731966761712561,0.2374880323064996,0.17202038815770104,0.8292682926829268,0.610041878201807,-0.3186327159191494
Pure_avg_accel_5m_top3,Pure_acceleration,5.0,avg_accel,avg_accel_5m,123,0.048082139249184974,0.042320874183436184,0.6747967479674797,79.0436515978412,-0.4057397331527074,0.24095526092957206,0.17800312203502988,0.8699186991869918,0.6242690037487029,-0.3700392270815071
Pure_avg_accel_6m_top3,Pure_acceleration,6.0,avg_accel,avg_accel_6m,123,0.044602183502857336,0.028350123943293726,0.5934959349593496,56.249266365761095,-0.3680815151026545,0.23150325213211997,0.1539442906314795,0.8292682926829268,0.5922040834344374,-0.33170341365543426
Pure_accel_2v2_4m_top3,Pure_acceleration,4.0,recent2_minus_previous2_avg_accel,accel_2v2_4m,123,0.03997381842177652,0.017181518352111087,0.6016260162601627,38.38645312937754,-0.4448556605145426,0.20233686652733604,0.13767662970810898,0.8617886178861789,0.6759394228013132,-0.31276593104023404
Pure_accel_3v3_6m_top3,Pure_acceleration,6.0,recent3_minus_previous3_avg_accel,accel_3v3_6m,123,0.04106960424522354,0.01515435448097513,0.5772357723577236,37.59159167969242,-0.5732908304880664,0.22944826297975782,0.1693682244719399,0.8455284552845529,0.6780396789199283,-0.3186327159191494
